{
    "שער שומרון": {
        "city_latitude": 32.1067456,
        "city_longitude": 34.999554,
        "באר שבע": {
            "distance": 98,
            "city2_latitude": 31.2457442,
            "city2_longitude": 34.7925181
        },
        "כפר סבא": {
            "distance": 12,
            "city2_latitude": 32.1773471,
            "city2_longitude": 34.907459
        },
        "הרצליה": {
            "distance": 16,
            "city2_latitude": 32.1656255,
            "city2_longitude": 34.8469023
        },
        "חולון": {
            "distance": 23,
            "city2_latitude": 32.0193121,
            "city2_longitude": 34.7804076
        },
        "תל אביב": {
            "distance": 21,
            "city2_latitude": 32.0852997,
            "city2_longitude": 34.7818064
        },
        "עכו": {
            "distance": 92,
            "city2_latitude": 32.9281731,
            "city2_longitude": 35.0756378
        },
        "חברון": {
            "distance": 65,
            "city2_latitude": 31.528902,
            "city2_longitude": 35.0944873
        }
    },
    "עכו": {
        "city_latitude": 32.9281731,
        "city_longitude": 35.0756378,
        "באר שבע": {
            "distance": 189,
            "city2_latitude": 31.2457442,
            "city2_longitude": 34.7925181
        },
        "כפר סבא": {
            "distance": 85,
            "city2_latitude": 32.1773471,
            "city2_longitude": 34.907459
        },
        "הרצליה": {
            "distance": 88,
            "city2_latitude": 32.1656255,
            "city2_longitude": 34.8469023
        },
        "חולון": {
            "distance": 105,
            "city2_latitude": 32.0193121,
            "city2_longitude": 34.7804076
        },
        "תל אביב": {
            "distance": 98,
            "city2_latitude": 32.0852997,
            "city2_longitude": 34.7818064
        },
        "עכו": {
            "distance": 0,
            "city2_latitude": 32.9281731,
            "city2_longitude": 35.0756378
        },
        "חברון": {
            "distance": 156,
            "city2_latitude": 31.528902,
            "city2_longitude": 35.0944873
        }
    },
    "חיפה": {
        "city_latitude": 32.8191218,
        "city_longitude": 34.9983856,
        "ירושלים": {
            "distance": 118,
            "city2_latitude": 31.7788242,
            "city2_longitude": 35.2257626
        },
        "חיפה": {
            "distance": 0,
            "city2_latitude": 32.8191218,
            "city2_longitude": 34.9983856
        },
        "נתניה": {
            "distance": 57,
            "city2_latitude": 32.3286181,
            "city2_longitude": 34.8566246
        },
        "פתח תקווה": {
            "distance": 83,
            "city2_latitude": 32.0877639,
            "city2_longitude": 34.8859985
        },
        "רמת גן": {
            "distance": 86,
            "city2_latitude": 32.0686867,
            "city2_longitude": 34.8246812
        },
        "באר שבע": {
            "distance": 177,
            "city2_latitude": 31.2457442,
            "city2_longitude": 34.7925181
        },
        "כפר סבא": {
            "distance": 72,
            "city2_latitude": 32.1773471,
            "city2_longitude": 34.907459
        },
        "הרצליה": {
            "distance": 75,
            "city2_latitude": 32.1656255,
            "city2_longitude": 34.8469023
        },
        "חולון": {
            "distance": 92,
            "city2_latitude": 32.0193121,
            "city2_longitude": 34.7804076
        },
        "תל אביב": {
            "distance": 85,
            "city2_latitude": 32.0852997,
            "city2_longitude": 34.7818064
        },
        "עכו": {
            "distance": 15,
            "city2_latitude": 32.9281731,
            "city2_longitude": 35.0756378
        },
        "חברון": {
            "distance": 144,
            "city2_latitude": 31.528902,
            "city2_longitude": 35.0944873
        }
    },
    "אשדוד": {
        "city_latitude": 31.7977314,
        "city_longitude": 34.6529922,
        "ירושלים": {
            "distance": 55,
            "city2_latitude": 31.7788242,
            "city2_longitude": 35.2257626
        },
        "חיפה": {
            "distance": 119,
            "city2_latitude": 32.8191218,
            "city2_longitude": 34.9983856
        },
        "נתניה": {
            "distance": 63,
            "city2_latitude": 32.3286181,
            "city2_longitude": 34.8566246
        },
        "פתח תקווה": {
            "distance": 40,
            "city2_latitude": 32.0877639,
            "city2_longitude": 34.8859985
        },
        "רמת גן": {
            "distance": 35,
            "city2_latitude": 32.0686867,
            "city2_longitude": 34.8246812
        },
        "באר שבע": {
            "distance": 63,
            "city2_latitude": 31.2457442,
            "city2_longitude": 34.7925181
        },
        "כפר סבא": {
            "distance": 49,
            "city2_latitude": 32.1773471,
            "city2_longitude": 34.907459
        },
        "הרצליה": {
            "distance": 45,
            "city2_latitude": 32.1656255,
            "city2_longitude": 34.8469023
        },
        "חולון": {
            "distance": 28,
            "city2_latitude": 32.0193121,
            "city2_longitude": 34.7804076
        },
        "תל אביב": {
            "distance": 35,
            "city2_latitude": 32.0852997,
            "city2_longitude": 34.7818064
        },
        "עכו": {
            "distance": 132,
            "city2_latitude": 32.9281731,
            "city2_longitude": 35.0756378
        },
        "חברון": {
            "distance": 52,
            "city2_latitude": 31.528902,
            "city2_longitude": 35.0944873
        }
    },
    "דימונה": {
        "city_latitude": 31.0686612,
        "city_longitude": 35.0366482,
        "ירושלים": {
            "distance": 81,
            "city2_latitude": 31.7788242,
            "city2_longitude": 35.2257626
        },
        "חיפה": {
            "distance": 195,
            "city2_latitude": 32.8191218,
            "city2_longitude": 34.9983856
        },
        "נתניה": {
            "distance": 142,
            "city2_latitude": 32.3286181,
            "city2_longitude": 34.8566246
        },
        "פתח תקווה": {
            "distance": 115,
            "city2_latitude": 32.0877639,
            "city2_longitude": 34.8859985
        },
        "רמת גן": {
            "distance": 113,
            "city2_latitude": 32.0686867,
            "city2_longitude": 34.8246812
        }
    },
    "רמת גן": {
        "city_latitude": 32.0686867,
        "city_longitude": 34.8246812,
        "ירושלים": {
            "distance": 50,
            "city2_latitude": 31.7788242,
            "city2_longitude": 35.2257626
        },
        "חיפה": {
            "distance": 86,
            "city2_latitude": 32.8191218,
            "city2_longitude": 34.9983856
        },
        "נתניה": {
            "distance": 30,
            "city2_latitude": 32.3286181,
            "city2_longitude": 34.8566246
        },
        "פתח תקווה": {
            "distance": 7,
            "city2_latitude": 32.0877639,
            "city2_longitude": 34.8859985
        },
        "רמת גן": {
            "distance": 0,
            "city2_latitude": 32.0686867,
            "city2_longitude": 34.8246812
        }
    },
    "נווה אילן": {
        "city_latitude": 31.6677901,
        "city_longitude": 34.5785462,
        "ירושלים": {
            "distance": 63,
            "city2_latitude": 31.7788242,
            "city2_longitude": 35.2257626
        },
        "חיפה": {
            "distance": 134,
            "city2_latitude": 32.8191218,
            "city2_longitude": 34.9983856
        },
        "נתניה": {
            "distance": 79,
            "city2_latitude": 32.3286181,
            "city2_longitude": 34.8566246
        },